Year,Predicted CO2 Emissions
2025,21090.729166666628
2030,23661.432291666628
2040,28802.838541666628
